{"cameraMode":{"drawMode":0,"name":"Shaded","section":"Shading Mode"},"sceneLighting":false,"audioPlay":false,"sceneViewState":{"showFog":true,"showMaterialUpdate":false,"showSkybox":false,"showFlares":true,"showImageEffects":true,"showParticleSystems":true},"in2DMode":false,"pivot":{"x":5.555214881896973,"y":-7.848197937011719,"z":-7.049941062927246},"rotation":{"x":0.10192475467920304,"y":0.8902643322944641,"z":-0.37001052498817446,"w":0.24523453414440156},"size":10.0,"orthographic":false}