{"cameraMode":{"drawMode":0,"name":"Shaded","section":"Shading Mode"},"sceneLighting":false,"audioPlay":false,"sceneViewState":{"showFog":true,"showMaterialUpdate":false,"showSkybox":false,"showFlares":true,"showImageEffects":true,"showParticleSystems":true},"in2DMode":false,"pivot":{"x":0.0,"y":0.07699999958276749,"z":-0.07280000299215317},"rotation":{"x":-0.12314588576555252,"y":-0.6599952578544617,"z":0.11091569066047669,"w":-0.7327688336372376},"size":0.01041395403444767,"orthographic":false}